DATE,ICEBERG_ID,SEASON,LAT_obs,LON_obs,LAT_phys,LON_phys,RESID_LAT,RESID_LON,VEL_U,VEL_V,WIND_U,WIND_V,SIC,TAU_S,FLAG,GAP_H,N_SUBSTEPS,DIST_ERR_KM
2021-11-15,b42,2021-22,-71.9739,-150.3828,-72.04358306561583,-150.25423046566726,0.06968306561583404,-0.12856953433274043,-1.249187622991824e-05,2.4579075881593994e-05,12.205052621914072,8.242247387304714,0.8159999847412109,43956043.956043966,ok,24.0,4,8.918322184589675
2021-11-16,b42,2021-22,-71.8814,-150.1223,-71.97387224559807,-150.3828535768328,0.09247224559807421,0.2605535768327911,0.0,0.0,-6.8628025841406135,1.402460689453109,0.875999984741211,16552955.607554263,sic_locked,48.0,8,13.656771834763152
2021-11-18,b42,2021-22,-71.9,-150.23,-71.88139189865677,-150.12229738774005,-0.018608101343232875,-0.10770261225994204,2.266468568282165e-06,1.564977038504608e-05,10.688366231679687,0.12803453820312632,0.8719999694824219,14219436.44846462,ok,24.0,4,4.258916106421526
2021-11-19,b42,2021-22,-71.91,-150.35,-71.90500501380143,-150.2169992596999,-0.0049949861985680855,-0.13300074030010478,-0.00017488352709339348,-0.0013136207060762944,9.7933671875,-2.890190795898437,0.88,3830233.699361693,ok,336.0,56,4.626223069790965
2022-03-05,b42,2021-22,-70.7339,-150.4309,-70.70947181816838,-150.0039333474746,-0.024428181831623874,-0.4269666525254081,0.001476418721775871,0.016235126502853067,-4.388674429023432,-10.364499285976569,0.0,29760096.59751844,ok,48.0,8,15.908315182090565
2022-03-07,b42,2021-22,-70.4877,-150.7048,-70.69633270466888,-150.4207708764809,0.2086327046688723,-0.2840291235191046,0.001408853844346086,0.016031369768796426,6.224351883476577,4.387275519882818,0.0,28527053.802159317,ok,72.0,12,25.46223365361634
2022-03-10,b42,2021-22,-70.62,-150.63,-70.47526381131354,-150.70153390089547,-0.14473618868646554,0.07153390089547429,0.0014026709077365153,0.01599350489320182,-2.419554803554693,7.248335323632818,0.0,51282051.28205129,ok,24.0,4,16.310489697284297
2022-03-11,b42,2021-22,-70.4081,-150.8946,-70.595753909523,-150.6235434721318,0.187653909522993,-0.2710565278682111,0.0019191905131299113,0.014879037569092184,1.9928014648437424,5.055309326171872,0.0,812745.334767953,ok,48.0,8,23.16462413543392
2022-03-13,b42,2021-22,-70.3543,-150.8538,-70.38510125180646,-150.88571739707754,0.030801251806465757,0.03191739707753527,0.0019069733623491183,0.01474918488755142,4.235427586328056,-11.879889001328177,0.0,13216279.852607803,ok,48.0,8,3.6265488345775996
2022-03-15,b42,2021-22,-70.3235,-150.8704,-70.34286255786374,-150.8494091974171,0.019362557863743746,-0.02099080258290087,0.0018986770063950972,0.014709096485637176,9.61516511933595,4.528269318398431,0.0,51282051.28205129,ok,24.0,4,2.291846722754767
2022-03-16,b42,2021-22,-70.31,-150.78,-70.30080624559908,-150.8618045126915,-0.009193754400925513,0.08180451269149103,0.0018078334541607871,0.0144810080650861,-6.363046208398435,6.8568907279297076,0.0,7714714.590153211,ok,48.0,8,3.2314664918231
2022-03-18,b42,2021-22,-70.1989,-151.4276,-70.26687456723488,-150.76975408116445,0.06797456723488438,-0.6578459188355623,0.001007724270365942,0.013509693162236405,3.9219463378906356,13.70911569824219,0.0,2949092.2238691794,ok,96.0,16,25.867661387883093
2022-03-22,b42,2021-22,-70.1728,-151.4078,-70.17801255296065,-151.42307098366032,0.005212552960657035,0.015270983660315096,0.0009791803546802525,0.013397778602795894,1.2036066626953312,11.32012154941408,0.0,24957502.700463735,ok,48.0,8,0.8170609707514167
2022-03-24,b42,2021-22,-70.15,-151.36,-70.16240970263057,-151.40556538422499,0.012409702630563402,0.045565384224971694,0.0009751165688583876,0.013359633905815276,9.235827498867183,3.0156205990624922,0.0,32827095.480085306,ok,24.0,4,2.2050404764030036
2022-03-25,b42,2021-22,-70.1189,-151.6669,-70.13983202608023,-151.35785668226242,0.02093202608023148,-0.30904331773757576,0.0007010919901986011,0.012856150009224545,-7.76468505859382,-4.741368652343749,0.0,1108071.7377577876,ok,24.0,4,11.909907041474845
2022-03-26,b42,2021-22,-70.1085,-151.983,-70.10894223618203,-151.66529334176332,0.00044223618202465786,-0.31770665823668764,0.0007065665733241473,0.012779557105215111,2.7334504171093745,0.6438493073437479,0.0,15281415.301461635,ok,24.0,4,12.019761084599246
2022-03-27,b42,2021-22,-70.0503,-151.9731,-70.09859853601768,-151.98143040559754,0.048298536017682636,0.008330405597547497,0.0006590247742545461,0.01270694489003284,2.628567868164062,-7.559765583984382,0.0,7196294.141518151,ok,24.0,4,5.379829483195337
