berg,role,n,mae_lat_deg,mae_lon_deg,rmse_lat_deg,rmse_lon_deg,physics_only_km,physics_plus_lstm_km,improvement_pct,mean_sigma_km,gate,gain,sigma_scale,note
B38,train,47,0.046197544783353806,0.14839446544647217,0.05232737958431244,0.1686846762895584,7.629103445345014,6.411799768435303,15.95605152860344,2.106676510476318,,,,
B38,val,12,0.06595667451620102,0.19393806159496307,0.08562756329774857,0.2240505814552307,9.91701390537321,9.422580849972249,4.985704972472295,2.0,open,0.5,4.711,
B46,transfer,24,0.09381642192602158,0.29243704676628113,0.14509519934654236,0.43200814723968506,17.14284268677071,16.331093673532646,4.735206570287774,15.017408087891942,,,,
B47,transfer,31,0.10194316506385803,0.41102924942970276,0.12772665917873383,0.582298755645752,18.47943445736931,18.90833322922944,-2.3209518280960793,11.09248931902521,,,,
B22F,transfer,18,0.054526761174201965,0.316685289144516,0.06319784373044968,0.4484022557735443,12.11494029989084,11.812501689622767,2.4964102404268393,13.186083701561017,,,,
B42,transfer,12,0.06791412830352783,0.18918947875499725,0.09703686088323593,0.2523615062236786,11.023872498316479,11.52448628653323,-4.541179048407931,21.54142449631087,,,,
B22G,transfer,4,0.06101847440004349,0.2140485942363739,0.10315652191638947,0.2974124848842621,9.220394008459365,9.75023434289481,-5.746395804228498,13.29855553895646,,,,
B22A,transfer,3,0.05920212343335152,0.623184323310852,0.06982116401195526,0.6577950119972229,20.978017521658074,18.16207237401146,13.423313927254492,13.710232672819998,,,,
B50,transfer,0,,,,,,,,,,,,"only 1 records, < seq_len+1 (6) in one season"
