ICEBERG_ID,DATE,LAT,LON,size_1,size_2
b22a,2025-01-31,-75.62,-151.53,33,26
b22a,2025-02-06,-75.64,-152.26,33,26
b22a,2025-02-14,-75.86,-153.91,33,26
b22a,2025-02-21,-76.02,-154.11,33,26
b22a,2025-02-28,-76.17,-154.49,33,26
b22a,2025-03-06,-76.31,-155.77,33,26
b22a,2025-03-13,-76.36,-156.38,33,26
b22a,2025-03-21,-76.31,-157.0,33,26
b22a,2025-03-27,-76.29,-158.09,33,26
b22f,2025-02-09,-74.9569,-150.0518,0,0
b22f,2025-02-11,-75.0168,-150.7741,0,0
b22f,2025-02-14,-75.2,-150.91,22,15
b22f,2025-02-15,-75.1541,-150.8334,0,0
b22f,2025-02-16,-75.2282,-150.5951,0,0
b22f,2025-02-17,-75.2282,-150.5951,0,0
b22f,2025-02-19,-75.2119,-150.5552,0,0
b22f,2025-02-21,-75.2,-150.39,22,15
b22f,2025-02-23,-75.1533,-150.5788,0,0
b22f,2025-02-24,-75.2304,-150.864,0,0
b22f,2025-02-28,-75.31,-151.87,22,15
b22f,2025-03-02,-75.2828,-152.0988,0,0
b22f,2025-03-04,-75.22,-152.4847,0,0
b22f,2025-03-06,-75.24,-153.12,22,15
b22f,2025-03-09,-75.3311,-154.0448,0,0
b22f,2025-03-10,-75.4175,-154.1967,0,0
b22f,2025-03-11,-75.4615,-154.1888,0,0
b22f,2025-03-12,-75.5925,-154.1469,0,0
b22f,2025-03-13,-75.65,-154.11,22,15
b22f,2025-03-15,-75.6539,-154.1046,0,0
b22f,2025-03-18,-75.7079,-154.5698,0,0
b22f,2025-03-20,-75.7079,-154.5698,0,0
b22f,2025-03-21,-75.77,-154.71,22,15
b22f,2025-03-27,-75.88,-155.71,22,15
b22f,2025-03-29,-75.8439,-155.7652,0,0
b22f,2025-03-30,-75.842,-155.95,0,0
b22g,2025-03-17,-75.4522,-150.8304,0,0
b22g,2025-03-19,-75.3515,-152.0971,0,0
b22g,2025-03-20,-75.3619,-152.5142,0,0
b22g,2025-03-21,-75.35,-152.73,9,5
b22g,2025-03-22,-75.2948,-152.8689,0,0
b22g,2025-03-24,-75.4742,-153.2006,0,0
b22g,2025-03-25,-75.4923,-153.1642,0,0
b22g,2025-03-26,-75.5284,-153.0912,0,0
b22g,2025-03-27,-75.54,-153.19,9,5
b22g,2025-03-29,-75.3385,-153.7384,0,0
b38,2021-11-04,-77.073,-155.3446,0,0
b38,2021-11-05,-77.01,-155.06,6,4
b38,2021-11-08,-77.073,-155.3446,0,0
b38,2021-11-09,-77.073,-155.3446,0,0
b38,2021-11-10,-77.0722,-155.2299,0,0
b38,2021-11-12,-77.01,-155.06,6,4
b38,2021-11-15,-77.0679,-155.239,0,0
b38,2021-11-16,-77.0679,-155.239,0,0
b38,2021-11-17,-77.0679,-155.239,0,0
b38,2021-11-18,-77.0679,-155.239,0,0
b38,2021-11-19,-77.01,-155.06,6,4
b38,2021-11-26,-77.01,-155.06,6,4
b38,2021-11-28,-77.0679,-155.239,0,0
b38,2021-11-29,-77.0679,-155.239,0,0
b38,2021-11-30,-77.0679,-155.239,0,0
b38,2021-12-01,-77.0679,-155.239,0,0
b38,2021-12-02,-77.0679,-155.239,0,0
b38,2021-12-03,-77.01,-155.06,6,4
b38,2021-12-04,-77.0679,-155.239,0,0
b38,2021-12-05,-77.0679,-155.239,0,0
b38,2021-12-06,-77.0679,-155.239,0,0
b38,2021-12-07,-77.0679,-155.239,0,0
b38,2021-12-10,-77.01,-155.06,6,4
b38,2021-12-11,-77.0679,-155.239,0,0
b38,2021-12-16,-77.0714,-155.273,0,0
b38,2021-12-17,-77.01,-155.06,6,4
b38,2021-12-22,-77.0714,-155.273,0,0
b38,2021-12-24,-77.01,-155.06,6,4
b38,2021-12-25,-77.0714,-155.273,0,0
b38,2021-12-29,-77.0714,-155.273,0,0
b38,2021-12-31,-77.01,-155.06,6,4
b38,2022-01-01,-77.0714,-155.273,0,0
b38,2022-01-04,-77.0714,-155.273,0,0
b38,2022-01-05,-77.0059,-155.072,0,0
b38,2022-01-07,-76.99,-155.0,6,4
b38,2022-01-09,-77.0059,-155.072,0,0
b38,2022-01-10,-77.0059,-155.072,0,0
b38,2022-01-11,-77.0059,-155.072,0,0
b38,2022-01-12,-77.0059,-155.072,0,0
b38,2022-01-13,-77.0059,-155.072,0,0
b38,2022-01-14,-77.01,-155.04,6,4
b38,2022-01-15,-77.01,-155.04,0,0
b38,2022-01-16,-77.01,-155.04,0,0
b38,2022-01-18,-77.01,-155.04,0,0
b38,2022-01-19,-77.01,-155.04,0,0
b38,2022-01-20,-77.01,-155.04,0,0
b38,2022-01-21,-77.01,-155.04,6,4
b38,2022-01-22,-77.01,-155.04,0,0
b38,2022-01-23,-77.01,-155.04,0,0
b38,2022-01-24,-77.01,-155.04,0,0
b38,2022-01-25,-77.01,-155.04,0,0
b38,2022-01-26,-77.01,-155.04,0,0
b38,2022-01-27,-77.01,-155.04,0,0
b38,2022-01-28,-77.01,-155.02,6,4
b38,2022-01-29,-77.01,-155.04,0,0
b38,2022-01-30,-77.01,-155.04,0,0
b38,2022-01-31,-77.01,-155.04,0,0
b38,2022-02-01,-77.01,-155.04,0,0
b38,2022-02-02,-77.01,-154.95,0,0
b38,2022-02-03,-77.01,-154.95,0,0
b38,2022-02-04,-77.01,-154.95,6,4
b38,2022-02-05,-77.01,-154.95,0,0
b38,2022-02-06,-77.01,-154.95,0,0
b38,2022-02-07,-77.01,-154.95,0,0
b38,2022-02-08,-77.01,-154.95,0,0
b38,2022-02-09,-77.01,-154.95,0,0
b38,2022-02-10,-77.01,-154.95,0,0
b38,2022-02-11,-77.02,-154.96,6,4
b38,2022-02-12,-77.02,-154.96,0,0
b38,2022-02-13,-77.02,-154.96,0,0
b38,2022-02-14,-77.02,-154.96,0,0
b38,2022-02-16,-77.02,-154.96,0,0
b38,2022-02-17,-77.02,-154.96,0,0
b38,2022-02-18,-76.98,-155.03,6,4
b38,2022-02-19,-77.02,-154.96,0,0
b38,2022-02-20,-77.02,-154.96,0,0
b38,2022-02-21,-77.02,-154.96,0,0
b38,2022-02-22,-77.02,-154.96,0,0
b38,2022-02-23,-77.02,-154.96,0,0
b38,2022-02-24,-77.0,-155.11,0,0
b38,2022-02-25,-77.0,-155.11,6,4
b38,2022-02-26,-77.0,-155.11,0,0
b38,2022-02-28,-77.0,-155.11,0,0
b38,2022-03-01,-77.0,-155.11,0,0
b38,2022-03-02,-77.0,-155.11,0,0
b38,2022-03-03,-77.0,-155.11,0,0
b38,2022-03-04,-77.0,-155.11,6,4
b38,2022-03-05,-77.0,-155.11,0,0
b38,2022-03-06,-77.0,-155.11,0,0
b38,2022-03-08,-77.0,-155.11,0,0
b38,2022-03-09,-77.0,-155.11,0,0
b38,2022-03-10,-77.0,-155.11,0,0
b38,2022-03-11,-77.0,-155.11,6,4
b38,2022-03-14,-77.0,-155.11,0,0
b38,2022-03-15,-77.0,-155.11,0,0
b38,2022-03-16,-77.0,-155.11,0,0
b38,2022-03-17,-77.0,-155.11,0,0
b38,2022-03-18,-77.0,-155.11,6,4
b38,2022-03-23,-77.0,-155.11,0,0
b38,2022-03-24,-77.0,-155.11,0,0
b38,2022-03-25,-77.0,-155.11,6,4
b38,2022-03-26,-77.0,-155.11,0,0
b38,2022-03-27,-77.0,-155.11,0,0
b38,2022-03-28,-77.0,-155.11,0,0
b38,2022-03-29,-77.0,-155.11,0,0
b38,2022-03-30,-77.0,-155.11,0,0
b38,2022-04-01,-77.0,-155.11,6,4
b38,2022-04-08,-77.0,-155.11,6,4
b38,2022-04-11,-77.0,-155.11,0,0
b38,2022-04-12,-77.0,-155.11,0,0
b38,2022-04-15,-77.0,-155.11,6,4
b38,2022-04-16,-77.0,-155.11,0,0
b38,2022-04-17,-77.0,-155.11,0,0
b38,2022-04-19,-77.0,-155.11,0,0
b38,2022-04-21,-77.0,-155.11,0,0
b38,2022-04-22,-77.0,-155.11,6,4
b38,2022-04-23,-77.0,-155.11,0,0
b38,2022-04-25,-77.0,-155.11,0,0
b38,2022-04-27,-77.0,-155.11,0,0
b38,2022-04-29,-77.0,-155.11,6,4
b38,2022-04-30,-77.0786,-155.434,0,0
b38,2022-05-01,-77.0786,-155.434,0,0
b38,2022-05-03,-77.0786,-155.434,0,0
b38,2022-05-06,-77.0,-155.11,6,4
b38,2022-05-07,-77.0786,-155.434,0,0
b38,2022-05-13,-77.0,-155.11,6,4
b38,2022-05-14,-77.0,-155.11,0,0
b38,2022-05-15,-77.0,-155.11,0,0
b38,2022-05-16,-77.0,-155.11,0,0
b38,2022-05-17,-77.0,-155.11,0,0
b38,2022-05-18,-77.0,-155.11,0,0
b38,2022-05-19,-77.0,-155.11,0,0
b38,2022-05-27,-76.99,-155.08,6,4
b38,2022-05-28,-76.99,-155.08,0,0
b38,2022-05-29,-76.99,-155.08,0,0
b38,2022-05-30,-76.99,-155.08,0,0
b38,2022-05-31,-76.99,-155.08,0,0
b38,2022-06-01,-76.99,-155.08,0,0
b38,2022-06-02,-76.99,-155.08,0,0
b38,2022-06-03,-76.99,-155.08,0,0
b38,2022-06-04,-76.99,-155.08,0,0
b38,2022-06-05,-76.99,-155.08,0,0
b38,2022-06-06,-76.99,-155.08,0,0
b38,2022-06-07,-76.99,-155.1,0,0
b38,2022-06-08,-76.99,-155.1,0,0
b38,2022-06-09,-76.99,-155.1,0,0
b38,2022-06-10,-76.99,-155.1,6,4
b38,2022-06-17,-76.99,-155.1,6,4
b38,2022-06-24,-76.99,-155.1,6,4
b38,2022-06-27,-76.99,-155.1,0,0
b38,2022-07-01,-76.99,-155.1,6,4
b38,2022-07-08,-76.99,-155.1,6,4
b38,2022-07-09,-76.99,-155.1,0,0
b38,2022-07-15,-76.99,-155.1,6,4
b38,2022-07-17,-76.99,-155.1,0,0
b38,2022-07-21,-76.99,-155.1,0,0
b38,2022-07-22,-76.99,-155.1,6,4
b38,2022-07-23,-76.99,-155.1,0,0
b38,2022-07-28,-76.99,-155.1,0,0
b38,2022-07-29,-76.99,-155.1,6,4
b38,2022-07-30,-76.99,-155.1,0,0
b38,2022-07-31,-76.99,-155.1,0,0
b38,2022-08-01,-76.99,-155.1,0,0
b38,2022-08-05,-76.99,-155.1,6,4
b38,2022-08-10,-76.99,-155.1,0,0
b38,2022-08-11,-77.0743,-155.3922,0,0
b38,2022-08-12,-76.99,-155.1,6,4
b38,2022-08-13,-77.0743,-155.3922,0,0
b38,2022-08-14,-77.0743,-155.3922,0,0
b38,2022-08-15,-77.0743,-155.3922,0,0
b38,2022-08-16,-77.0743,-155.3922,0,0
b38,2022-08-17,-77.0743,-155.3922,0,0
b38,2022-08-18,-77.0743,-155.3922,0,0
b38,2022-08-19,-76.99,-155.1,6,4
b38,2022-08-24,-77.0743,-155.3922,0,0
b38,2022-08-26,-76.99,-155.1,6,4
b38,2022-08-29,-77.0743,-155.3922,0,0
b38,2022-09-02,-76.99,-155.1,6,4
b38,2022-09-05,-77.0743,-155.3922,0,0
b38,2022-09-07,-77.0743,-155.3922,0,0
b38,2022-09-09,-76.99,-155.1,6,4
b38,2022-09-14,-77.0743,-155.3922,0,0
b38,2022-09-16,-76.99,-155.1,6,4
b38,2022-09-17,-77.0743,-155.3922,0,0
b38,2022-09-20,-77.0743,-155.3922,0,0
b38,2022-09-21,-77.0743,-155.3922,0,0
b38,2022-09-23,-76.99,-155.1,6,4
b38,2022-09-24,-77.0743,-155.3922,0,0
b38,2022-09-25,-77.0743,-155.3922,0,0
b38,2022-09-26,-77.0743,-155.3922,0,0
b38,2022-09-27,-77.0743,-155.3922,0,0
b38,2022-09-28,-77.0743,-155.3922,0,0
b38,2022-09-29,-77.0743,-155.3922,0,0
b38,2022-09-30,-77.0743,-155.3922,0,0
b38,2022-10-01,-77.0743,-155.3922,0,0
b38,2022-10-02,-77.0743,-155.3922,0,0
b38,2022-10-03,-77.0743,-155.3922,0,0
b38,2022-10-04,-77.0743,-155.3922,0,0
b38,2022-10-05,-77.0743,-155.3922,0,0
b38,2022-10-06,-77.0743,-155.3922,0,0
b38,2022-10-07,-76.99,-155.1,6,4
b38,2022-10-14,-76.99,-155.1,6,4
b38,2022-10-16,-77.0743,-155.3922,0,0
b38,2022-10-17,-77.0743,-155.3922,0,0
b38,2022-10-18,-77.0743,-155.3922,0,0
b38,2022-10-20,-77.0821,-155.3676,0,0
b38,2022-10-21,-76.99,-155.1,6,4
b38,2022-10-22,-77.0821,-155.3676,0,0
b38,2022-10-23,-77.0821,-155.3676,0,0
b38,2022-10-24,-77.0821,-155.3676,0,0
b38,2022-10-25,-77.0821,-155.3676,0,0
b38,2022-10-26,-77.0821,-155.3676,0,0
b38,2022-10-27,-77.0821,-155.3676,0,0
b38,2022-10-28,-76.99,-155.1,6,4
b38,2022-10-29,-77.0821,-155.3676,0,0
b38,2022-10-30,-77.0821,-155.3676,0,0
b38,2022-10-31,-77.0821,-155.3676,0,0
b38,2022-11-01,-77.0821,-155.3676,0,0
b38,2022-11-02,-77.0821,-155.3676,0,0
b38,2022-11-04,-76.99,-155.1,6,4
b38,2022-11-05,-77.0821,-155.3676,0,0
b38,2022-11-06,-77.0821,-155.3676,0,0
b38,2022-11-07,-77.0821,-155.3676,0,0
b38,2022-11-08,-77.0821,-155.3676,0,0
b38,2022-11-09,-77.0821,-155.3676,0,0
b38,2022-11-10,-77.0821,-155.3676,0,0
b38,2022-11-11,-76.99,-155.1,6,4
b38,2022-11-12,-77.0821,-155.3676,0,0
b38,2022-11-13,-77.0821,-155.3676,0,0
b38,2022-11-14,-77.0821,-155.3676,0,0
b38,2022-11-17,-76.99,-155.1,0,0
b38,2022-11-18,-76.99,-155.1,6,4
b38,2022-11-19,-77.0775,-155.366,0,0
b38,2022-11-20,-77.0775,-155.366,0,0
b38,2022-11-21,-77.0775,-155.366,0,0
b38,2022-11-22,-77.0775,-155.366,0,0
b38,2022-11-23,-77.0775,-155.366,0,0
b38,2022-11-25,-76.99,-155.1,6,4
b38,2022-11-26,-77.0775,-155.366,0,0
b38,2022-11-27,-77.0775,-155.366,0,0
b38,2022-12-01,-77.0607,-155.3489,0,0
b38,2022-12-02,-76.99,-155.11,6,4
b38,2022-12-03,-77.0607,-155.3489,0,0
b38,2022-12-04,-77.0607,-155.3489,0,0
b38,2022-12-09,-76.99,-155.11,6,4
b38,2022-12-10,-77.0607,-155.3489,0,0
b38,2022-12-11,-77.0607,-155.3489,0,0
b38,2022-12-12,-77.0607,-155.3489,0,0
b38,2022-12-13,-77.0607,-155.3489,0,0
b38,2022-12-14,-77.0607,-155.3489,0,0
b38,2022-12-16,-76.99,-155.11,6,4
b38,2022-12-18,-77.0607,-155.3489,0,0
b38,2022-12-19,-77.0607,-155.3489,0,0
b38,2022-12-23,-76.99,-155.11,6,4
b38,2022-12-30,-76.99,-155.11,6,4
b38,2023-01-01,-77.0607,-155.3489,0,0
b38,2023-01-03,-77.0769,-155.4287,0,0
b38,2023-01-04,-77.0769,-155.4287,0,0
b38,2023-01-06,-76.99,-155.11,6,4
b38,2023-01-07,-77.0769,-155.4287,0,0
b38,2023-01-08,-77.0769,-155.4287,0,0
b38,2023-01-09,-77.0769,-155.4287,0,0
b38,2023-01-12,-77.0769,-155.4287,0,0
b38,2023-01-13,-76.99,-155.11,6,4
b38,2023-01-14,-77.0769,-155.4287,0,0
b38,2023-01-15,-77.0769,-155.4287,0,0
b38,2023-01-16,-77.0769,-155.4287,0,0
b38,2023-01-17,-77.0769,-155.4287,0,0
b38,2023-01-19,-77.0951,-155.3826,0,0
b38,2023-01-20,-76.99,-155.09,6,4
b38,2023-01-21,-77.0852,-155.2865,0,0
b38,2023-01-23,-77.0227,-155.2484,0,0
b38,2023-01-24,-77.0227,-155.2484,0,0
b38,2023-01-25,-77.0227,-155.2484,0,0
b38,2023-01-26,-76.99,-155.05,0,0
b38,2023-01-27,-76.99,-155.05,6,4
b38,2023-01-28,-76.99,-155.05,0,0
b38,2023-02-02,-77.1007,-155.3141,0,0
b38,2023-02-03,-76.98,-155.01,6,4
b38,2023-02-10,-76.9,-155.09,6,4
b38,2023-02-17,-76.89,-155.14,6,4
b38,2023-02-24,-76.92,-154.99,6,4
b38,2023-02-25,-77.0691,-155.3526,0,0
b38,2023-02-26,-77.0691,-155.3526,0,0
b38,2023-02-27,-77.0691,-155.3526,0,0
b38,2023-02-28,-77.0691,-155.3526,0,0
b38,2023-03-01,-76.92,-155.03,0,0
b38,2023-03-02,-76.92,-155.03,0,0
b38,2023-03-03,-76.92,-155.03,6,4
b38,2023-03-04,-77.0072,-155.261,0,0
b38,2023-03-05,-76.982,-155.2122,0,0
b38,2023-03-09,-76.89,-155.01,0,0
b38,2023-03-10,-76.89,-155.01,6,4
b38,2023-03-17,-76.89,-155.17,6,4
b38,2023-03-24,-76.8,-154.78,6,4
b38,2023-03-27,-76.8,-154.78,0,0
b38,2023-03-31,-76.8,-155.02,6,4
b38,2023-04-07,-76.79,-154.96,6,4
b38,2023-04-10,-76.7727,-155.0936,0,0
b38,2023-04-12,-76.7727,-155.0936,0,0
b38,2023-04-14,-76.77,-155.1,6,4
b38,2023-04-21,-76.77,-155.09,6,4
b38,2023-04-23,-76.77,-155.09,0,0
b38,2023-04-28,-76.84,-155.26,6,4
b38,2023-04-29,-76.84,-155.26,0,0
b38,2023-04-30,-76.84,-155.26,0,0
b38,2023-05-05,-76.85,-155.25,6,4
b38,2023-05-07,-76.84,-155.26,0,0
b38,2023-05-08,-76.84,-155.26,0,0
b38,2023-05-10,-76.85,-155.25,0,0
b38,2023-05-11,-76.8599,-155.2677,0,0
b38,2023-05-12,-76.85,-155.25,6,4
b38,2023-05-17,-76.8246,-155.3798,0,0
b38,2023-05-19,-76.85,-155.25,6,4
b38,2023-05-20,-76.85,-155.25,0,0
b38,2023-05-23,-76.85,-155.25,0,0
b38,2023-05-24,-76.85,-155.25,0,0
b38,2023-05-26,-76.84,-155.27,6,4
b38,2023-05-27,-76.84,-155.27,0,0
b38,2023-05-28,-76.7913,-155.4874,0,0
b38,2023-05-30,-76.7913,-155.4874,0,0
b38,2023-06-02,-76.84,-155.27,6,4
b38,2023-06-04,-76.84,-155.27,0,0
b38,2023-06-05,-76.8362,-155.4792,0,0
b38,2023-06-06,-76.8362,-155.4792,0,0
b38,2023-06-07,-76.8362,-155.4792,0,0
b38,2023-06-09,-76.84,-155.28,6,4
b38,2023-06-10,-76.8362,-155.4792,0,0
b38,2023-06-12,-76.8362,-155.4792,0,0
b38,2023-06-13,-76.8362,-155.4792,0,0
b38,2023-06-14,-76.84,-155.28,0,0
b38,2023-06-15,-76.8467,-155.5808,0,0
b38,2023-06-17,-76.8459,-155.4511,0,0
b38,2023-06-18,-76.8459,-155.4511,0,0
b38,2023-06-19,-76.8459,-155.4511,0,0
b38,2023-06-20,-76.8459,-155.4511,0,0
b38,2023-06-21,-76.84,-155.28,0,0
b38,2023-06-22,-76.84,-155.28,0,0
b38,2023-06-23,-76.8327,-155.4454,0,0
b38,2023-06-24,-76.8327,-155.4454,0,0
b38,2023-06-25,-76.8327,-155.4454,0,0
b38,2023-06-26,-76.8575,-155.6734,0,0
b38,2023-06-28,-76.84,-155.28,0,0
b38,2023-06-29,-76.84,-155.28,0,0
b38,2023-06-30,-76.84,-155.28,6,4
b38,2023-07-01,-76.84,-155.28,0,0
b38,2023-07-03,-76.84,-155.28,0,0
b38,2023-07-05,-76.84,-155.28,0,0
b38,2023-07-07,-76.84,-155.28,6,4
b38,2023-07-11,-76.84,-155.28,0,0
b38,2023-07-14,-76.84,-155.28,6,4
b38,2023-07-15,-76.84,-155.28,0,0
b38,2023-07-16,-76.84,-155.28,0,0
b38,2023-07-17,-76.84,-155.28,0,0
b38,2023-07-21,-76.84,-155.28,6,4
b38,2023-07-22,-76.84,-155.28,0,0
b38,2023-07-23,-76.84,-155.28,0,0
b38,2023-07-26,-76.84,-155.28,0,0
b38,2023-07-28,-76.84,-155.27,6,4
b38,2023-07-31,-76.84,-155.28,0,0
b38,2023-08-04,-76.84,-155.28,6,4
b38,2023-08-08,-76.84,-155.28,0,0
b38,2023-08-09,-76.84,-155.28,0,0
b38,2023-08-10,-76.84,-155.28,0,0
b38,2023-08-11,-76.84,-155.28,6,4
b38,2023-08-13,-76.84,-155.28,0,0
b38,2023-08-16,-76.84,-155.27,0,0
b38,2023-08-17,-76.84,-155.27,0,0
b38,2023-08-18,-76.84,-155.27,6,4
b38,2023-08-19,-76.84,-155.27,0,0
b38,2023-08-25,-76.84,-155.27,6,4
b42,2021-11-15,-72.0436,-150.2542,0,0
b42,2021-11-16,-71.9739,-150.3828,0,0
b42,2021-11-18,-71.8814,-150.1223,0,0
b42,2021-11-19,-71.9,-150.23,12,4
b42,2021-12-03,-71.91,-150.35,12,4
b42,2022-03-05,-70.7348,-150.0109,0,0
b42,2022-03-07,-70.7339,-150.4309,0,0
b42,2022-03-10,-70.4877,-150.7048,0,0
b42,2022-03-11,-70.62,-150.63,12,4
b42,2022-03-13,-70.4081,-150.8946,0,0
b42,2022-03-15,-70.3543,-150.8538,0,0
b42,2022-03-16,-70.3235,-150.8704,0,0
b42,2022-03-17,-70.3235,-150.8704,0,0
b42,2022-03-18,-70.31,-150.78,12,4
b42,2022-03-22,-70.1989,-151.4276,0,0
b42,2022-03-23,-70.1989,-151.4276,0,0
b42,2022-03-24,-70.1728,-151.4078,0,0
b42,2022-03-25,-70.15,-151.36,12,4
b42,2022-03-26,-70.1189,-151.6669,0,0
b42,2022-03-27,-70.1085,-151.983,0,0
b42,2022-03-28,-70.0503,-151.9731,0,0
b42,2022-03-29,-70.0503,-151.9731,0,0
b46,2022-08-05,-75.02,-150.91,10,4
b46,2022-08-10,-75.0976,-153.2847,0,0
b46,2022-08-11,-75.0924,-153.5572,0,0
b46,2022-08-12,-75.09,-153.37,10,4
b46,2022-08-16,-75.0402,-154.058,0,0
b46,2022-08-17,-75.0363,-154.2106,0,0
b46,2022-08-18,-74.9056,-154.4451,0,0
b46,2022-08-19,-74.87,-154.61,10,4
b46,2022-08-26,-74.43,-155.02,10,4
b46,2022-09-02,-74.1,-154.9,10,4
b46,2022-09-09,-73.55,-155.68,10,4
b46,2022-09-13,-73.207,-155.834,0,0
b46,2022-09-16,-73.26,-156.18,10,4
b46,2022-09-23,-73.23,-156.82,10,4
b46,2022-09-24,-73.1127,-156.7397,0,0
b46,2022-09-25,-73.0592,-156.8319,0,0
b46,2022-09-26,-73.0046,-157.0054,0,0
b46,2022-09-27,-72.9694,-156.894,0,0
b46,2022-09-28,-72.8988,-156.9475,0,0
b46,2022-09-29,-72.8945,-156.9846,0,0
b46,2022-09-30,-72.8512,-157.4482,0,0
b46,2022-10-01,-72.743,-157.5494,0,0
b46,2022-10-02,-72.7047,-157.6636,0,0
b46,2022-10-03,-72.6357,-157.5459,0,0
b46,2022-10-04,-72.6024,-157.7195,0,0
b46,2022-10-05,-72.521,-157.7637,0,0
b46,2022-10-06,-72.4823,-157.6119,0,0
b46,2022-10-07,-72.41,-157.6,10,4
b46,2022-10-14,-72.02,-157.56,10,4
b46,2022-10-21,-71.39,-157.45,10,4
b46,2022-10-24,-71.4394,-157.844,0,0
b46,2022-10-28,-71.62,-158.44,10,4
b46,2022-10-29,-71.6241,-158.6311,0,0
b46,2022-10-30,-71.6457,-158.7978,0,0
b46,2022-10-31,-71.5971,-158.8514,0,0
b46,2022-11-01,-71.5118,-158.9554,0,0
b46,2022-11-02,-71.497,-159.0862,0,0
b46,2022-11-03,-71.4647,-159.5406,0,0
b46,2022-11-04,-71.5,-159.45,10,4
b46,2022-11-05,-71.3814,-159.642,0,0
b46,2022-11-06,-71.3676,-159.887,0,0
b46,2022-11-07,-71.3173,-159.8216,0,0
b46,2022-11-08,-71.3515,-160.0108,0,0
b46,2022-11-09,-71.4009,-160.2492,0,0
b46,2022-11-10,-71.4031,-160.3741,0,0
b46,2022-11-11,-71.4,-160.4,10,4
b46,2022-11-12,-71.2405,-160.4382,0,0
b46,2022-11-13,-71.2405,-160.4382,0,0
b46,2022-11-14,-71.2474,-160.2984,0,0
b46,2022-11-15,-71.2067,-160.2393,0,0
b46,2022-11-16,-71.1434,-160.3428,0,0
b46,2022-11-18,-71.12,-160.27,10,4
b46,2022-11-19,-70.9968,-160.1583,0,0
b46,2022-11-20,-70.9297,-160.0694,0,0
b46,2022-11-23,-70.8106,-159.5526,0,0
b46,2022-11-24,-70.74,-159.2,0,0
b46,2022-11-25,-70.74,-159.2,10,4
b46,2022-11-26,-70.74,-159.2,0,0
b46,2022-11-27,-70.4185,-158.4578,0,0
b46,2022-11-28,-70.74,-159.2,0,0
b46,2022-11-29,-70.74,-159.2,0,0
b46,2022-11-30,-70.2815,-158.1104,0,0
b46,2022-12-02,-70.39,-157.88,10,4
b46,2022-12-03,-70.39,-157.88,0,0
b46,2022-12-04,-70.39,-157.88,0,0
b46,2022-12-05,-70.39,-157.88,0,0
b46,2022-12-06,-70.39,-157.88,0,0
b46,2022-12-07,-70.3546,-157.7678,0,0
b46,2022-12-09,-70.23,-157.44,10,4
b46,2022-12-10,-70.0631,-157.1992,0,0
b46,2022-12-11,-70.0631,-157.1992,0,0
b46,2022-12-12,-70.027,-157.2132,0,0
b46,2022-12-16,-70.0,-157.55,10,4
b46,2022-12-18,-70.0,-157.55,0,0
b46,2022-12-22,-70.05,-156.24,0,0
b46,2022-12-23,-70.05,-156.24,10,4
b46,2022-12-24,-70.05,-156.24,0,0
b47,2025-01-09,-75.64,-159.7,0,0
b47,2025-01-10,-75.64,-159.7,19,5
b47,2025-01-12,-75.6451,-159.8046,0,0
b47,2025-01-13,-75.6451,-159.8046,0,0
b47,2025-01-14,-75.6451,-159.8046,0,0
b47,2025-01-15,-75.6451,-159.8046,0,0
b47,2025-01-16,-75.6363,-159.9188,0,0
b47,2025-01-17,-75.6363,-159.9188,0,0
b47,2025-01-18,-75.6363,-159.9188,0,0
b47,2025-01-20,-75.6363,-159.9188,0,0
b47,2025-01-21,-75.6363,-159.9188,0,0
b47,2025-01-22,-75.6363,-159.9188,0,0
b47,2025-01-23,-75.6363,-159.9188,0,0
b47,2025-01-24,-75.6363,-159.9188,0,0
b47,2025-01-25,-75.6291,-160.1028,0,0
b47,2025-01-26,-75.6291,-160.1028,0,0
b47,2025-01-27,-75.6089,-160.3052,0,0
b47,2025-01-29,-75.59,-160.3607,0,0
b47,2025-01-30,-75.59,-160.3607,0,0
b47,2025-01-31,-75.5971,-160.4946,0,0
b47,2025-02-01,-75.5971,-160.4946,0,0
b47,2025-02-02,-75.5971,-160.4946,0,0
b47,2025-02-03,-75.6106,-160.648,0,0
b47,2025-02-04,-75.6106,-160.648,0,0
b47,2025-02-05,-75.6106,-160.648,0,0
b47,2025-02-06,-75.6106,-160.648,0,0
b47,2025-02-07,-75.6106,-160.648,0,0
b47,2025-02-08,-75.6106,-160.648,0,0
b47,2025-02-09,-75.6106,-160.648,0,0
b47,2025-02-11,-75.4877,-160.9908,0,0
b47,2025-02-12,-75.4363,-161.4438,0,0
b47,2025-02-13,-75.4216,-161.6605,0,0
b47,2025-02-14,-75.3157,-161.7563,0,0
b47,2025-02-15,-75.3157,-161.7563,0,0
b47,2025-02-16,-75.1781,-161.8641,0,0
b47,2025-02-17,-75.095,-161.9426,0,0
b47,2025-02-18,-75.0325,-161.8153,0,0
b47,2025-02-19,-75.0325,-161.8153,0,0
b47,2025-02-20,-74.9509,-161.7962,0,0
b47,2025-02-21,-74.9509,-161.7962,0,0
b47,2025-02-22,-74.8514,-161.8535,0,0
b47,2025-02-23,-74.8514,-161.8535,0,0
b47,2025-02-24,-74.6836,-162.6641,0,0
b47,2025-02-25,-74.7352,-163.1775,0,0
b47,2025-02-27,-74.624,-163.9684,0,0
b47,2025-02-28,-74.5684,-164.0398,0,0
b47,2025-03-01,-74.4749,-164.2012,0,0
b47,2025-03-02,-74.4749,-164.2012,0,0
b47,2025-03-03,-74.4749,-164.2012,0,0
b47,2025-03-04,-74.355,-164.3361,0,0
b47,2025-03-05,-74.3107,-164.3045,0,0
b47,2025-03-06,-74.2229,-164.6052,0,0
b47,2025-03-07,-74.2229,-164.6052,0,0
b47,2025-03-08,-74.2229,-164.6052,0,0
b47,2025-03-09,-74.2229,-164.6052,0,0
b47,2025-03-10,-74.2229,-164.6052,0,0
b47,2025-03-11,-74.2152,-165.8723,0,0
b47,2025-03-12,-74.2152,-165.8723,0,0
b47,2025-03-13,-74.1523,-166.3431,0,0
b47,2025-03-14,-74.0676,-166.5425,0,0
b47,2025-03-15,-74.0676,-166.5425,0,0
b47,2025-03-17,-74.0732,-168.2218,0,0
b47,2025-03-18,-74.0732,-168.2218,0,0
b47,2025-03-19,-73.9706,-167.8172,0,0
b47,2025-03-20,-73.6948,-168.5814,0,0
b47,2025-03-21,-73.6948,-168.5814,0,0
b47,2025-03-22,-73.6948,-168.5814,0,0
b47,2025-03-23,-73.9388,-169.6421,0,0
b47,2025-03-24,-73.9388,-169.6421,0,0
b47,2025-03-25,-73.9388,-169.6421,0,0
b47,2025-03-26,-73.7777,-170.5639,0,0
b47,2025-03-27,-73.7159,-171.1017,0,0
b47,2025-03-28,-73.6762,-171.3882,0,0
b47,2025-03-29,-73.6762,-171.3882,0,0
b47,2025-03-30,-73.6773,-172.4319,0,0
b47,2025-03-31,-73.3996,-172.3726,0,0
b50,2021-11-01,-70.1811,-166.2413,0,0
b50,2021-11-02,-70.1811,-166.2413,0,0
b50,2021-11-05,-70.19,-166.68,15,6
